symbol,entry_time,exit_time,holding_days,shares,entry_price,exit_price,entry_cost,exit_cost,gross_pnl,net_pnl,return_pct,is_win
ICICIBANK,2023-06-02 03:45:00,2023-06-13 03:45:00,11,368,943.47,935.43,520.71,516.44,-2958.51,-3995.66,-0.0085,False
HDFCBANK,2023-06-06 03:45:00,2023-06-20 03:45:00,14,181,804.23,801.67,218.31,217.69,-462.08,-898.09,-0.0032,False
INFY,2023-06-02 03:45:00,2023-06-20 03:45:00,18,230,1309.65,1293.35,451.76,446.28,-3749.34,-4647.38,-0.0124,False
ICICIBANK,2023-06-20 03:45:00,2023-06-27 03:45:00,7,82,921.41,929.54,113.31,114.35,666.21,438.54,0.0088,True
INFY,2023-06-02 03:45:00,2023-06-27 03:45:00,25,35,1309.65,1279.36,68.75,67.18,-1060.31,-1196.23,-0.0231,False
INFY,2023-06-06 03:45:00,2023-06-27 03:45:00,21,3,1289.24,1279.36,5.8,5.76,-29.65,-41.21,-0.0077,False
RELIANCE,2023-06-06 03:45:00,2023-06-27 03:45:00,21,44,1146.68,1151.58,75.67,76.02,215.45,63.76,0.0043,True
RELIANCE,2023-06-13 03:45:00,2023-06-27 03:45:00,14,172,1152.02,1151.58,297.17,297.16,-75.07,-669.4,-0.0004,False
RELIANCE,2023-06-20 03:45:00,2023-06-27 03:45:00,7,77,1176.28,1151.58,135.84,133.03,-1901.93,-2170.8,-0.021,False
HDFCBANK,2023-06-06 03:45:00,2023-07-04 03:45:00,28,67,804.23,861.29,80.81,86.57,3823.5,3656.12,0.071,True
HDFCBANK,2023-06-13 03:45:00,2023-07-04 03:45:00,21,33,795.45,861.29,39.37,42.64,2172.94,2090.93,0.0828,True
ICICIBANK,2023-06-20 03:45:00,2023-07-11 03:45:00,21,159,921.41,947.93,219.72,226.12,4215.94,3770.1,0.0288,True
RELIANCE,2023-07-04 03:45:00,2023-07-11 03:45:00,7,292,1212.04,1269.83,530.79,556.28,16873.16,15786.1,0.0477,True
HDFCBANK,2023-06-13 03:45:00,2023-07-18 03:45:00,35,149,795.45,848.58,177.75,189.69,7916.07,7548.63,0.0668,True
HDFCBANK,2023-06-27 03:45:00,2023-07-18 03:45:00,21,89,821.89,848.58,109.7,113.3,2375.39,2152.38,0.0325,True
HDFCBANK,2023-07-11 03:45:00,2023-07-18 03:45:00,7,192,831.92,848.58,239.55,244.43,3198.67,2714.69,0.02,True
ICICIBANK,2023-06-20 03:45:00,2023-07-25 03:45:00,35,132,921.41,998.5,182.41,197.74,10175.88,9795.74,0.0837,True
ICICIBANK,2023-07-04 03:45:00,2023-07-25 03:45:00,21,20,947.72,998.5,28.43,29.96,1015.54,957.15,0.0536,True
INFY,2023-07-25 03:45:00,2023-08-01 03:45:00,7,49,1337.67,1361.32,98.3,100.07,1158.87,960.5,0.0177,True
RELIANCE,2023-07-25 03:45:00,2023-08-01 03:45:00,7,50,1247.62,1276.86,93.56,95.78,1461.89,1272.55,0.0234,True
TCS,2023-07-25 03:45:00,2023-08-01 03:45:00,7,9,3399.2,3413.29,45.88,46.09,126.84,34.88,0.0041,True
HDFCBANK,2023-07-25 03:45:00,2023-08-08 03:45:00,14,125,842.75,825.44,157.99,154.8,-2163.64,-2476.42,-0.0205,False
HDFCBANK,2023-08-01 03:45:00,2023-08-08 03:45:00,7,98,827.64,825.44,121.64,121.36,-215.75,-458.75,-0.0027,False
INFY,2023-07-25 03:45:00,2023-08-08 03:45:00,14,144,1337.67,1392.15,288.89,300.76,7845.85,7256.2,0.0407,True
RELIANCE,2023-07-25 03:45:00,2023-08-08 03:45:00,14,150,1247.62,1263.37,280.67,284.31,2361.68,1796.7,0.0126,True
TCS,2023-07-25 03:45:00,2023-08-08 03:45:00,14,37,3399.2,3482.31,188.62,193.3,3075.04,2693.12,0.0244,True
ICICIBANK,2023-07-04 03:45:00,2023-08-16 03:45:00,43,63,947.72,953.97,89.54,90.17,393.7,213.99,0.0066,True
ICICIBANK,2023-07-18 03:45:00,2023-08-16 03:45:00,29,93,978.49,953.97,136.48,133.1,-2280.01,-2549.59,-0.0251,False
ICICIBANK,2023-07-18 03:45:00,2023-08-22 03:45:00,35,61,978.49,955.92,89.52,87.48,-1376.6,-1553.6,-0.0231,False
ICICIBANK,2023-08-01 03:45:00,2023-08-22 03:45:00,21,90,1002.15,955.92,135.27,129.07,-4160.61,-4424.95,-0.0461,False
ICICIBANK,2023-08-08 03:45:00,2023-08-22 03:45:00,14,68,976.24,955.92,99.56,97.52,-1381.49,-1578.57,-0.0208,False
INFY,2023-08-22 03:45:00,2023-08-29 03:45:00,7,4,1405.4,1423.29,8.43,8.54,71.54,54.57,0.0127,True
INFY,2023-08-22 03:45:00,2023-09-05 03:45:00,14,2,1405.4,1464.27,4.22,4.39,117.73,109.12,0.0419,True
RELIANCE,2023-08-22 03:45:00,2023-09-05 03:45:00,14,166,1259.08,1209.39,313.46,301.19,-8247.57,-8862.22,-0.0395,False
HDFCBANK,2023-08-16 03:45:00,2023-09-12 03:45:00,27,3,791.95,819.59,3.56,3.69,82.93,75.68,0.0349,True
RELIANCE,2023-08-22 03:45:00,2023-09-12 03:45:00,21,38,1259.08,1240.88,71.76,70.74,-691.6,-834.09,-0.0145,False
RELIANCE,2023-08-29 03:45:00,2023-09-12 03:45:00,14,5,1226.64,1240.88,9.2,9.31,71.21,52.7,0.0116,True
HDFCBANK,2023-08-16 03:45:00,2023-09-20 03:45:00,35,8,791.95,799.1,9.5,9.59,57.24,38.14,0.009,True
ICICIBANK,2023-09-05 03:45:00,2023-09-20 03:45:00,15,3,964.58,981.06,4.34,4.42,49.43,40.68,0.0171,True
INFY,2023-08-22 03:45:00,2023-09-20 03:45:00,29,5,1405.4,1475.46,10.54,11.07,350.3,328.69,0.0499,True
TCS,2023-09-12 03:45:00,2023-09-20 03:45:00,8,15,3493.75,3578.21,78.6,80.52,1266.96,1107.84,0.0242,True
ICICIBANK,2023-09-05 03:45:00,2023-09-26 03:45:00,21,213,964.58,958.47,308.13,306.28,-1301.75,-1916.16,-0.0063,False
ICICIBANK,2023-09-12 03:45:00,2023-09-26 03:45:00,14,3,990.6,958.47,4.46,4.31,-96.37,-105.14,-0.0324,False
INFY,2023-08-22 03:45:00,2023-09-26 03:45:00,35,248,1405.4,1478.41,522.72,550.06,18106.02,17033.24,0.0519,True
HDFCBANK,2023-08-16 03:45:00,2023-10-04 03:45:00,49,1,791.95,747.13,1.19,1.12,-44.82,-47.13,-0.0566,False
HDFCBANK,2023-08-16 03:45:00,2023-10-10 03:45:00,55,324,791.95,759.89,384.82,369.37,-10384.48,-11138.68,-0.0405,False
TCS,2023-10-04 03:45:00,2023-10-10 03:45:00,6,40,3488.04,3638.23,209.25,218.33,6007.47,5579.9,0.0431,True
HDFCBANK,2023-08-16 03:45:00,2023-10-17 03:45:00,62,115,791.95,777.49,136.59,134.14,-1662.87,-1933.59,-0.0183,False
HDFCBANK,2023-08-22 03:45:00,2023-10-17 03:45:00,56,5,798.57,777.49,5.99,5.83,-105.44,-117.26,-0.0264,False
HDFCBANK,2023-09-05 03:45:00,2023-10-17 03:45:00,42,6,794.6,777.49,7.15,7.0,-102.67,-116.82,-0.0215,False
HDFCBANK,2023-09-26 03:45:00,2023-10-17 03:45:00,21,23,762.88,777.49,26.32,26.83,335.91,282.77,0.0191,True
ICICIBANK,2023-10-04 03:45:00,2023-10-17 03:45:00,13,139,935.47,954.92,195.01,199.13,2704.22,2310.07,0.0208,True
ICICIBANK,2023-10-10 03:45:00,2023-10-17 03:45:00,7,153,940.87,954.92,215.89,219.19,2149.97,1714.89,0.0149,True
RELIANCE,2023-10-10 03:45:00,2023-10-17 03:45:00,7,103,1153.85,1177.41,178.24,181.94,2426.61,2066.43,0.0204,True
TCS,2023-10-04 03:45:00,2023-10-17 03:45:00,13,62,3488.04,3528.24,324.33,328.18,2491.89,1839.38,0.0115,True
INFY,2023-10-10 03:45:00,2023-10-25 03:45:00,15,104,1484.64,1398.3,231.57,218.17,-8979.51,-9429.25,-0.0582,False
RELIANCE,2023-10-25 03:45:00,2023-10-31 03:45:00,6,129,1125.59,1163.42,217.76,225.16,4880.13,4437.21,0.0336,True
ICICIBANK,2023-10-25 03:45:00,2023-11-07 03:45:00,13,2,926.51,943.13,2.78,2.83,33.23,27.62,0.0179,True
INFY,2023-10-10 03:45:00,2023-11-07 03:45:00,28,71,1484.64,1399.3,158.09,149.05,-6059.28,-6366.42,-0.0575,False
INFY,2023-10-17 03:45:00,2023-11-07 03:45:00,21,78,1440.97,1399.3,168.57,163.75,-3250.27,-3582.58,-0.0289,False
INFY,2023-10-31 03:45:00,2023-11-07 03:45:00,7,110,1380.64,1399.3,227.77,230.92,2052.61,1593.92,0.0135,True
HDFCBANK,2023-10-25 03:45:00,2023-11-15 03:45:00,21,75,760.88,751.67,85.58,84.58,-690.47,-860.63,-0.0121,False
RELIANCE,2023-10-25 03:45:00,2023-11-15 03:45:00,21,45,1125.59,1169.41,75.96,78.95,1972.24,1817.32,0.0389,True
RELIANCE,2023-11-07 03:45:00,2023-11-15 03:45:00,8,223,1167.61,1169.41,390.5,391.23,402.84,-378.89,0.0015,False
HDFCBANK,2023-10-25 03:45:00,2023-11-21 03:45:00,27,135,760.88,759.12,154.05,153.75,-237.6,-545.4,-0.0023,False
INFY,2023-11-15 03:45:00,2023-11-21 03:45:00,6,262,1399.7,1441.28,549.99,566.52,10893.83,9777.32,0.0297,True
RELIANCE,2023-11-07 03:45:00,2023-11-21 03:45:00,14,44,1167.61,1182.41,77.05,78.05,651.2,496.1,0.0127,True
ICICIBANK,2023-10-25 03:45:00,2023-11-29 03:45:00,35,171,926.51,930.43,237.61,238.7,670.59,194.28,0.0042,True
HDFCBANK,2023-10-25 03:45:00,2023-12-05 03:45:00,41,264,760.88,817.84,301.26,323.92,15037.61,14412.43,0.0749,True
HDFCBANK,2023-10-31 03:45:00,2023-12-05 03:45:00,35,1,752.38,817.84,1.13,1.23,65.46,63.11,0.087,True
HDFCBANK,2023-11-07 03:45:00,2023-12-05 03:45:00,28,13,747.37,817.84,14.57,15.95,916.08,885.55,0.0943,True
HDFCBANK,2023-11-29 03:45:00,2023-12-05 03:45:00,6,204,767.33,817.84,234.76,250.3,10303.51,9818.44,0.0658,True
ICICIBANK,2023-10-25 03:45:00,2023-12-05 03:45:00,41,49,926.51,1002.0,68.09,73.66,3698.8,3557.05,0.0815,True
ICICIBANK,2023-10-31 03:45:00,2023-12-05 03:45:00,35,3,929.76,1002.0,4.18,4.51,216.7,208.01,0.0777,True
ICICIBANK,2023-11-15 03:45:00,2023-12-05 03:45:00,20,55,944.87,1002.0,77.94,82.68,3141.96,2981.34,0.0605,True
ICICIBANK,2023-11-21 03:45:00,2023-12-05 03:45:00,14,120,924.86,1002.0,166.45,180.39,9256.38,8909.55,0.0834,True
RELIANCE,2023-12-05 03:45:00,2023-12-12 03:45:00,7,315,1220.11,1229.38,576.41,580.98,2921.7,1764.32,0.0076,True
TCS,2023-11-29 03:45:00,2023-12-12 03:45:00,13,15,3482.74,3637.13,78.35,81.85,2315.85,2155.65,0.0443,True
TCS,2023-12-05 03:45:00,2023-12-12 03:45:00,7,47,3539.77,3637.13,249.51,256.46,4575.99,4070.02,0.0275,True
INFY,2023-11-29 03:45:00,2023-12-19 03:45:00,20,256,1451.83,1569.31,557.41,602.72,30077.29,28917.16,0.0809,True
INFY,2023-12-05 03:45:00,2023-12-19 03:45:00,14,6,1466.53,1569.31,13.2,14.13,616.69,589.37,0.0701,True
HDFCBANK,2023-12-19 03:45:00,2023-12-27 03:45:00,8,117,825.41,840.33,144.84,147.5,1745.3,1452.97,0.0181,True
HDFCBANK,2023-12-19 03:45:00,2024-01-02 03:45:00,14,83,825.41,848.98,102.75,105.72,1955.71,1747.25,0.0285,True
ICICIBANK,2023-12-27 03:45:00,2024-01-02 03:45:00,6,25,998.45,996.5,37.44,37.38,-48.69,-123.5,-0.002,False
TCS,2023-12-27 03:45:00,2024-01-02 03:45:00,6,5,3800.9,3809.19,28.5,28.57,41.48,-15.6,0.0022,False
HDFCBANK,2023-12-19 03:45:00,2024-01-09 03:45:00,21,11,825.41,833.16,13.62,13.75,85.2,57.84,0.0094,True
ICICIBANK,2023-12-27 03:45:00,2024-01-09 03:45:00,13,90,998.45,985.76,134.77,133.1,-1142.29,-1410.16,-0.0127,False
TCS,2023-12-27 03:45:00,2024-01-09 03:45:00,13,3,3800.9,3708.09,17.1,16.69,-278.41,-312.2,-0.0244,False
INFY,2023-12-27 03:45:00,2024-01-16 03:45:00,20,14,1544.77,1643.98,32.43,34.53,1388.88,1321.91,0.0642,True
RELIANCE,2023-12-27 03:45:00,2024-01-16 03:45:00,20,61,1291.65,1389.28,118.17,127.14,5955.7,5710.4,0.0756,True
ICICIBANK,2023-12-27 03:45:00,2024-01-24 03:45:00,28,142,998.45,1028.94,212.63,219.2,4329.05,3897.21,0.0305,True
ICICIBANK,2024-01-16 03:45:00,2024-01-24 03:45:00,8,63,1006.6,1028.94,95.11,97.25,1406.93,1214.57,0.0222,True
INFY,2023-12-27 03:45:00,2024-01-24 03:45:00,28,75,1544.77,1659.07,173.76,186.68,8572.36,8211.92,0.074,True
INFY,2024-01-02 03:45:00,2024-01-24 03:45:00,22,27,1546.77,1659.07,62.63,67.2,3032.02,2902.18,0.0726,True
INFY,2024-01-09 03:45:00,2024-01-24 03:45:00,15,24,1542.67,1659.07,55.53,59.74,2793.58,2678.32,0.0755,True
RELIANCE,2023-12-27 03:45:00,2024-01-24 03:45:00,28,92,1291.65,1334.56,178.22,184.2,3947.89,3585.47,0.0332,True
RELIANCE,2024-01-02 03:45:00,2024-01-24 03:45:00,22,55,1293.15,1334.56,106.67,110.12,2277.61,2060.83,0.032,True
RELIANCE,2024-01-09 03:45:00,2024-01-24 03:45:00,15,46,1300.65,1334.56,89.73,92.1,1559.74,1377.91,0.0261,True
TCS,2023-12-27 03:45:00,2024-01-24 03:45:00,28,41,3800.9,3878.06,233.72,238.54,3163.58,2691.32,0.0203,True
TCS,2024-01-16 03:45:00,2024-01-24 03:45:00,8,1,3900.95,3878.06,5.85,5.82,-22.89,-34.56,-0.0059,False
HDFCBANK,2023-12-19 03:45:00,2024-02-06 03:45:00,49,235,825.41,722.41,290.91,254.69,-24204.73,-24750.34,-0.1248,False
HDFCBANK,2023-12-19 03:45:00,2024-02-13 03:45:00,56,33,825.41,695.63,40.85,34.44,-4282.92,-4358.21,-0.1572,False
HDFCBANK,2024-01-16 03:45:00,2024-02-13 03:45:00,28,83,836.92,695.63,104.18,86.62,-11727.17,-11917.97,-0.1688,False
HDFCBANK,2024-01-24 03:45:00,2024-02-13 03:45:00,20,187,690.47,695.63,193.64,195.16,964.35,575.54,0.0075,True
HDFCBANK,2024-01-30 03:45:00,2024-02-13 03:45:00,14,12,727.64,695.63,13.1,12.52,-384.14,-409.76,-0.044,False
ICICIBANK,2024-02-06 03:45:00,2024-02-13 03:45:00,7,116,1024.06,1005.5,178.16,174.99,-2153.51,-2506.66,-0.0181,False
RELIANCE,2024-02-06 03:45:00,2024-02-13 03:45:00,7,178,1442.57,1454.77,385.1,388.49,2171.84,1398.25,0.0085,True
TCS,2024-02-06 03:45:00,2024-02-13 03:45:00,7,66,3999.0,4123.39,395.83,408.28,8209.67,7405.55,0.0311,True
INFY,2024-02-06 03:45:00,2024-02-20 03:45:00,14,126,1687.59,1684.16,318.9,318.36,-432.92,-1070.18,-0.002,False
INFY,2024-02-13 03:45:00,2024-02-20 03:45:00,7,4,1683.84,1684.16,10.1,10.11,1.26,-18.94,0.0002,False
RELIANCE,2024-02-20 03:45:00,2024-02-27 03:45:00,7,270,1475.76,1482.28,597.58,600.42,1760.66,562.65,0.0044,True
TCS,2024-02-27 03:45:00,2024-03-05 03:45:00,7,98,4001.0,4059.97,588.05,596.91,5779.01,4594.05,0.0147,True
HDFCBANK,2024-02-27 03:45:00,2024-03-12 03:45:00,14,12,707.13,716.64,12.73,12.9,114.16,88.53,0.0135,True
ICICIBANK,2024-03-05 03:45:00,2024-03-12 03:45:00,7,3,1086.74,1076.51,4.89,4.85,-30.69,-40.43,-0.0094,False
RELIANCE,2024-03-05 03:45:00,2024-03-12 03:45:00,7,156,1506.53,1465.87,352.47,343.07,-6343.15,-7038.69,-0.027,False
INFY,2024-03-12 03:45:00,2024-03-19 03:45:00,7,107,1600.8,1591.55,256.89,255.49,-989.34,-1501.72,-0.0058,False
HDFCBANK,2024-02-27 03:45:00,2024-03-27 03:45:00,29,224,707.13,711.42,237.56,239.08,961.12,484.49,0.0061,True
ICICIBANK,2024-03-05 03:45:00,2024-03-27 03:45:00,22,3,1086.74,1083.16,4.89,4.88,-10.75,-20.52,-0.0033,False
TCS,2024-03-19 03:45:00,2024-03-27 03:45:00,8,27,4053.28,3886.56,164.13,157.43,-4501.44,-4823.0,-0.0411,False
ICICIBANK,2024-03-05 03:45:00,2024-04-02 03:45:00,28,18,1086.74,1093.9,29.34,29.54,128.87,70.0,0.0066,True
TCS,2024-03-19 03:45:00,2024-04-02 03:45:00,14,19,4053.28,3888.06,115.5,110.83,-3139.19,-3365.52,-0.0408,False
HDFCBANK,2024-02-27 03:45:00,2024-04-09 03:45:00,42,327,707.13,777.04,346.79,381.2,22859.87,22131.88,0.0989,True
HDFCBANK,2024-03-05 03:45:00,2024-04-09 03:45:00,35,1,711.36,777.04,1.07,1.17,65.68,63.45,0.0923,True
HDFCBANK,2024-04-02 03:45:00,2024-04-09 03:45:00,7,70,732.94,777.04,76.95,81.6,3086.65,2928.1,0.0602,True
TCS,2024-03-19 03:45:00,2024-04-09 03:45:00,21,49,4053.28,3982.01,297.87,292.73,-3492.11,-4082.71,-0.0176,False
ICICIBANK,2024-03-05 03:45:00,2024-04-16 03:45:00,42,35,1086.74,1070.01,57.04,56.19,-585.49,-698.72,-0.0154,False
INFY,2024-03-27 03:45:00,2024-04-16 03:45:00,20,129,1496.75,1450.27,289.57,280.67,-5995.08,-6565.33,-0.031,False
INFY,2024-04-02 03:45:00,2024-04-16 03:45:00,14,30,1485.59,1450.27,66.84,65.27,-1059.54,-1191.65,-0.0238,False
INFY,2024-04-09 03:45:00,2024-04-16 03:45:00,7,33,1490.74,1450.27,73.78,71.8,-1335.53,-1481.11,-0.0271,False
RELIANCE,2024-03-27 03:45:00,2024-04-16 03:45:00,20,51,1448.72,1452.62,110.81,111.14,198.86,-23.09,0.0027,False
ICICIBANK,2024-03-05 03:45:00,2024-04-23 03:45:00,49,153,1086.74,1099.45,249.37,252.37,1944.16,1442.43,0.0117,True
ICICIBANK,2024-03-19 03:45:00,2024-04-23 03:45:00,35,3,1078.99,1099.45,4.85,4.95,61.38,51.58,0.019,True
ICICIBANK,2024-04-09 03:45:00,2024-04-23 03:45:00,14,74,1092.5,1099.45,121.25,122.06,514.6,271.3,0.0064,True
INFY,2024-04-09 03:45:00,2024-04-23 03:45:00,14,79,1490.74,1442.28,176.62,170.94,-3828.85,-4176.42,-0.0325,False
RELIANCE,2024-03-27 03:45:00,2024-04-23 03:45:00,27,43,1448.72,1478.26,93.43,95.36,1270.07,1081.28,0.0204,True
RELIANCE,2024-04-02 03:45:00,2024-04-23 03:45:00,21,10,1484.74,1478.26,22.27,22.18,-64.81,-109.26,-0.0044,False
RELIANCE,2024-04-09 03:45:00,2024-04-23 03:45:00,14,167,1489.74,1478.26,373.12,370.37,-1917.83,-2661.31,-0.0077,False
TCS,2024-04-16 03:45:00,2024-04-23 03:45:00,7,49,3903.95,3875.11,286.89,284.87,-1413.13,-1984.9,-0.0074,False
